AlbaþilerÚa;;;;
;ALB_001_001;Precio mano de obra albaþil para trabajos no baremados;25,88;;
;ALB_001_002;Precio mano de obra ayudante de albaþil para trabajos no baremados;18,31;;
;ALB_024_001;Ayuda de albaþil para colocaciµn de plato de ducha y/o baþera;51,75;;
;ALB_024_002;Rehacer mocheta de yeso hasta 1 m2 (servicio mÚnimo);63,79;;
;ALB_024_003;Rehacer mocheta de yeso (m2 adicional);30,72;;
;ALB_024_004;Rehacer mocheta con alicatado hasta 1 m2 (servicio mÚnimo);86,54;;
;ALB_024_005;Rehacer mocheta con alicatado (m2 adicional);58,43;;
;ALB_024_006;Solera con cemento para posterior revestimiento de parquet, moqueta etc. hasta 1 m2 (servicio mÚnimo);49,88;;
;ALB_024_007;Solera con cemento para posterior revestimiento de parquet, moqueta etc. (m2 adicional);25,42;;
;ALB_024_008;Moldura de escayola hasta 3 metros lineales (servicio mÚnimo);32,86;;
;ALB_024_009;Moldura de escayola (metro lineal adicional);12,44;;
;ALB_024_010;Picado y tendido de yeso (m2);25,58;;
;ALB_024_011;Levantado y colocaciµn de pavimento de sintasol o similar con cordµn;47,94;;
;ALB_024_012;Suministro y colocaciµn de placa amstrong o similar hasta 1 m2 (servicio mÚnimo);69,00;;
;ALB_024_013;Suministro y colocaciµn de placa amstrong o similar (m2 adicional);30,04;;
;ALB_024_015;Enfoscado y revestimiento monocapa de exteriores (primer m2);34,50;;
;ALB_024_016;Enfoscado y revestimiento monocapa de exteriores (m2 adicional);26,45;;
;ALB_024_017;Pasta niveladora de preparaciµn (m2);5,44;;
;ALB_024_019;Pulido y abrillantado de solado (m2);17,25;;
;ALB_024_020;Enlucido de paramento (m2);16,37;;
;ALB_025_001;Incremento por urgencia en trabajos de albaþilerÚa;12,94;;
;ALB_036_001;Material de albaþilerÚa no baremado;;;
;ALB_044_001;Picado hueco en techo de escayola (m2);10,37;;
;ALB_044_002;Picado hueco en paramentos verticales sin alicatado (m2);12,90;;
;ALB_044_003;Picado hueco en paramentos verticales con alicatado (m2);14,23;;
;ALB_044_004;Picado de paramento de gres, terrazo, etc. (m2);14,89;;
;ALB_044_005;Picado en solera de hormigµn en patios y garajes y solera pre-parquet (m2);21,69;;
;ALB_044_006;Picado/tapado con roza en techo/pared pladur sin perfiles (1 metro lineal);25,13;;
;ALB_044_007;Excavaciµn manual de zanja de tierra (m3);57,50;;
;ALB_046_001;Suministro y colocaciµn de placa de Pladur en techo hasta 18 m/m (servicio mÚnimo hasta 2 m2);103,53;;
;ALB_046_002;Suministro y colocaciµn de placa de Pladur en techo hasta 18 m/m (m2 adicional);48,51;;
;ALB_046_003;Suministro y colocaciµn de placa de Pladur en tabiques hasta 18 m/m (servicio mÚnimo hasta 2 m2);109,92;;
;ALB_046_004;Suministro y colocaciµn de placa de Pladur en tabiques hasta 18 m/m (m2 adicional);58,34;;
;ALB_046_005;Suministro y colocaciµn de placa de Pladur en trasdosado hasta 18 m/m (servicio mÚnimo hasta 2m2);99,16;;
;ALB_046_006;Suministro y colocaciµn de placa de Pladur en trasdosado hasta 18 m/m (m2 adicional);49,43;;
;ALB_046_007;Suministro y colocaciµn de m2 de placa de Pladur en techo, tabique o trasdosado hasta 18 m/m sin incluir perfiles;32,68;;
;ALB_046_008;Incremento por m2 placa resistente al agua;3,22;;
;ALB_046_009;Incremento por m2 placa ignÚfuga;2,53;;
;ALB_052_001;Tapado hueco en techo de escayola hasta 1 m2 (servicio mÚnimo);64,62;;
;ALB_052_002;Tapado hueco en techo de escayola (m2 adicional);22,14;;
;ALB_052_003;Tapado hueco en paramentos verticales sin alicatado hasta 1 m2 (servicio mÚnimo);55,30;;
;ALB_052_004;Tapado hueco en paramentos verticales sin alicatado (m2 adicional);33,21;;
;ALB_052_005;Tapado hueco en paramentos verticales con alicatado hasta 1 m2 (servicio mÚnimo);78,00;;
;ALB_052_006;Tapado hueco en paramentos verticales con alicatado (m2 adicional);61,00;;
;ALB_052_007;Tapado hueco, solado de gres, terrazo, etc. (servicio mÚnimo). Ver leyenda.;78,49;;
;ALB_052_008;Tapado hueco, solado de gres, terrazo, etc. (m2 adicional). Ver leyenda.;62,27;;
;ALB_052_009;Tapado de hormigµn en patios y garajes hasta 1 m2 (servicio mÚnimo);83,48;;
;ALB_052_010;Tapado de hormigµn en patios y garajes (m2 adicional);55,59;;
;ALB_052_011;Tapado hueco en paramentos verticales con alicatado, SIN APORTAR AZULEJO y hasta 1 m2 (servicio mÚnimo);53,00;;
;ALB_052_012;Tapado hueco en paramentos verticales con alicatado (m2 adicional) , SIN APORTAR AZULEJO;39,20;;
;ALB_052_013;Tapado hueco, solado de gres, terrazo, etc. (servicio mÚnimo). SIN APORTAR GRES, TERRAZO, ETC. Ver leyenda.;61,24;;
;ALB_052_014;Tapado hueco, solado de gres, terrazo, etc. (m2 adicional). SIN APORTAR GRES, TERRAZO, ETC. Ver leyenda.;45,02;;
;ALB_052_015;Tapado y compactado manual de zanja en jardines hasta 1 m2 (servicio mÚnimo);28,75;;
;ALB_052_016;Tapado y compactado manual de zanja en jardines (m2 adicional);21,08;;
;ALB_054_001;Servicio de subida a tejado para verificaciµn y/o reparaciµn/sustituciµn de cualquier material incluyendo preparaciµn de tejado;69,00;;
;ALB_054_002;Reparaciµn de cubierta sustituyendo tejas (m2 adicional);34,50;;
;ALB_054_003;Recolocaciµn de tejas sin sustituciµn (m2 adicional);23,00;;
;ALB_054_004;Suministro y colocaciµn teja caballete o limatesa (m2 adicional);40,25;;
;ALB_054_005;Recibido de piezas sueltas en caballetes y / o remates laterales (metro lineal adicional);23,00;;
;ALB_054_006;Reparaciµn de cubierta sustituyendo piezas de pizarra (m2 adicional);63,25;;
;ALB_054_007;Recolocaciµn de pizarra sin sustituciµn piezas (m2 adicional);40,25;;
;ALB_054_008;Diferencia material tejas o pizarras;;;
;DIV_006_001;Visita sin realizaciµn de trabajos (incomparecencia asegurado / perjud, etc.);25,88;;
;PA;Partida Alzada;;;
;PRESU;Trabajos segºn presupuesto;;;
;ALB_024_014;Picado y enfoscado en mortero de cemento maestrado y fratasado (m2);28,54;;
FontanerÚa;;;;
;FON_001_001;Precio mano de obra fontanero para trabajos no baremados;25,88;;
;FON_001_002;Precio mano de obra ayudante de fontanero para trabajos no baremados;18,30;;
;FON_024_001;Sellado de baþera causando daþos propios y/o a terceros;39,55;;
;FON_024_002;Desmontaje de fregadero;17,89;;
;FON_024_003;Montaje de fregadero;26,85;;
;FON_024_004;Desmontaje de mampara;50,00;;
;FON_024_005;Montaje de mampara;120,00;;
;FON_024_006;Desmontaje / Montaje de grifo y/o llaves de paso sin cambio de tuberÚa;25,88;;
;FON_025_001;Incremento por urgencia sobre los trabajos de fontanerÚa;12,94;;
;FON_026_001;Localizaciµn mediante Buscafugas por Ultrasonido;;;
;FON_026_002;Localizaciµn mediante Buscafugas por Gas Trazador;;;
;FON_026_003;Localizaciµn mediante Buscafugas por TermografÚa;;;
;FON_026_004;Localizaciµn mediante Buscafugas por Videoscopio;;;
;FON_027_001;Reparaciµn con soldadura de tuberÚas generales y privativas;60,42;;
;FON_027_002;Sustituciµn manguetµn incluido desmontaje y montaje de inodoro y tramo de tuberÚa;155,04;;
;FON_027_003;Reparaciµn de manguetµn;60,24;;
;FON_027_004;Reparaciµn de tuberÚa con gebos tapaporos (sin incluir material);25,88;;
;FON_027_005;Vaciado y llenado de circuito de calefacciµn con purgado de radiadores;45,17;;
;FON_027_006;Sustituciµn tuberÚa bajante/ascendente general, desvÚo o tramo de bajantes del edificio Hasta 1 m. lineal  (servicio mÚnimo)(a partir de 28 mm. en ascendente y 90 mm. en bajante);90,42;;
;FON_027_007;Sustituciµn tuberÚa bajante/ascendente general, desvÚo o tramo de bajantes del edificio Hasta 2 m. lineal  (servicio mÚnimo)(a partir de 28 mm. en ascendente y 90 mm. en bajante);116,22;;
;FON_027_008;Sustituciµn tuberÚa bajante/ascendente general, desvÚo o tramo de bajantes del edificio Hasta 3 m. lineal  (servicio mÚnimo)(a partir de 28 mm. en ascendente y 90 mm. en bajante);135,63;;
;FON_027_009;Sustituciµn tuberÚa bajante/ascendente general, desvÚo o tramo de bajantes del edificio Metro lineal adicional (a partir de 28 mm. en ascendente y 90 mm. en bajante);43,29;;
;FON_027_010;Sustituciµn de bajante vista de pluviales del edificio Hasta 3 m. lineales (servicio mÚnimo);107,42;;
;FON_027_011;Sustituciµn de bajante vista de pluviales del edificio (metro lineal adicional);43,29;;
;FON_027_012;Sustituciµn tuberÚa de calefacciµn desag■e o alimentaciµn en cobre, plomo o PVC Hasta 1 m. lineal (servicio mÚnimo) (hasta 22 mm. en ascendente y 75 mm. en bajante);58,24;;
;FON_027_013;Sustituciµn tuberÚa de calefacciµn desag■e o alimentaciµn en cobre plomo o PVC Hasta 2 m. lineal (servicio mÚnimo) (hasta 22 mm. en ascendente y 75 mm. en bajante);71,13;;
;FON_027_014;Sustituciµn tuberÚa de calefacciµn desag■e o alimentaciµn en cobre, plomo o PVC Hasta 3 m. lineal (servicio mÚnimo) (hasta 22 mm. en ascendente y 75 mm. en bajante);84,03;;
;FON_027_015;Sustituciµn tuberÚa de calefacciµn desag■e o alimentaciµn en cobre, plomo o PVC Hasta Metro lineal adicional (hasta 22 mm. en ascendente y 75 mm. en bajante);18,09;;
;FON_027_016;Sustituciµn de tuberÚa Polietileno o similar Hasta 40 mm., 1m. lineal mÃs piezas de uniµn;91,43;;
;FON_027_017;Sustituciµn de tuberÚa Polietileno o similar Hasta 40 mm., 2 m. lineales mÃs piezas de uniµn;109,25;;
;FON_027_018;Sustituciµn de tuberÚa Polietileno o similar Hasta 40 mm., 3 m. lineales mÃs piezas de uniµn;126,50;;
;FON_027_019;Sustituciµn de tuberÚa Polietileno o similar Metro adicional a partir de 3 m. lineales hasta 40 mm.;28,75;;
;FON_027_020;Sustituciµn de tuberÚa Multicapa Hasta 1m. lineal mÃs piezas de uniµn y accesorios;116,15;;
;FON_027_021;Sustituciµn de tuberÚa Multicapa Hasta 2m. lineal mÃs piezas de uniµn y accesorios;125,35;;
;FON_027_022;Sustituciµn de tuberÚa Multicapa Hasta 3m. lineal mÃs piezas de uniµn y accesorios;142,60;;
;FON_027_023;Sustituciµn de tuberÚa Multicapa Metro adicional a partir de 3 m. lineales mÃs piezas de uniµn y accesorios;46,00;;
;FON_027_024;Metro lineal de canalµn de PVC (sin andamio);41,40;;
;FON_027_025;Metro lineal de canalµn de zinc/chapa (sin andamio);49,68;;
;FON_028_001;Desatasco manual con producto desatascador;51,91;;
;FON_028_002;Desatasco manual por medios mecanizados  y de pequeþa presion (karcher o similar), o desatascadoras electricas giratorias;40,25;;
;FON_028_003;Desatasco con camiµn bomba;;;
;FON_035_001;Gebo Hembra/Macho 1;13,03;;
;FON_035_002;Gebo Hembra/Macho 1 1/2;22,48;;
;FON_035_003;Gebo Hembra/Macho 1 1/4;18,46;;
;FON_035_004;Gebo Hembra/Macho 2;33,01;;
;FON_035_005;Gebo Hembra/Macho 3/4;11,64;;
;FON_035_006;Gebo Hembra/Macho 1/2;10,38;;
;FON_035_007;Gebo Hembra/Macho 3/8;10,38;;
;FON_035_008;Gebo Tapa-Poros 2;17,83;;
;FON_035_009;Gebo Tapa-Poros 1 1/2;13,51;;
;FON_035_010;Gebo Tapa-Poros 1 1/4;11,39;;
;FON_035_011;Gebo Tapa-Poros 1;9,20;;
;FON_035_012;Gebo Tapa-Poros 3/4;6,61;;
;FON_035_013;Gebo Tapa-Poros 1/2;6,10;;
;FON_035_014;Gebo Tapa-Poros 3/8;9,78;;
;FON_036_001;Material de fontanerÚa no baremado;;;
;FON_040_001;Desmontaje de radiador;17,89;;
;FON_040_002;Montaje de radiador;26,85;;
;FON_040_003;Sustituciµn de injerto de bajante general del edificio (se incluye primer metro de tuberÚa);186,01;;
;FON_040_004;Sustituciµn de injerto de bajante general del edificio (se incluyen dos metros de tuberÚa);206,64;;
;FON_040_005;Sustituciµn de injerto de bajante general del edificio (se incluyen tres metros de tuberÚa);222,17;;
;FON_040_006;Sustituciµn vÃlvula y/o rebosadero de baþera (con sustituciµn de tuberÚas hasta un metro);98,28;;
;FON_040_007;Sustituciµn de vÃlvula de baþera sin rebosadero (con sustituciµn de tuberÚas hasta un metro);80,34;;
;FON_040_008;Reparaciµn de vÃlvula de baþera;40,65;;
;FON_040_009;Sustituciµn bote sifµnico (incluido empalmes y soldaduras hasta 5 salidas);129,31;;
;FON_040_010;Reparaciµn de bote sifµnico;58,06;;
;FON_040_011;Sustituciµn / reparaciµn de sifµn;41,32;;
;FON_040_012;Sustituciµn juego de latiguillos;34,29;;
;FON_040_013;Cambio llave y/o detentor de radiador;42,88;;
;FON_040_014;Sustitucion de vÃlvula de bide, lavabo, fregadero;33,35;;
;FON_044_001;Localizaciµn en techo escayola o registrable;35,64;;
;FON_044_002;Localizaciµn en paramento vertical;38,17;;
;FON_044_003;Localizaciµn en paramento horizontal de gres o similar;40,16;;
;FON_044_004;Localizaciµn en solera de hormigµn en patios y garajes y solera pre- parquet;46,95;;
;FON_050_001;Lavabo (unidad);;;
;FON_050_002;Pedestal / Semipedestal (unidad);;;
;FON_050_003;Inodoro completo (unidad);;;
;FON_050_004;Taza (unidad);;;
;FON_050_005;Cisterna / Tanque (unidad);;;
;FON_050_006;Asiento/tapa (unidad);;;
;FON_050_007;Baþera (unidad);;;
;FON_050_008;Plato de ducha (unidad);;;
;FON_050_009;BidÕ (unidad);;;
;FON_050_010;Desmontaje de primer sanitario (lavabo, bidÕ, inodoro) Eliminado literal plato de ducha;36,42;;
;FON_050_011;Desmontaje de sanitario adicional (lavabo, bidÕ, inodoro) Eliminado literal plato de ducha;23,79;;
;FON_050_012;Desmontaje de sanitarios (baþera);67,97;;
;FON_050_013;Montaje de primer sanitario (lavabo, bidÕ, inodoro).  Eliminado literal plato de ducha;46,42;;
;FON_050_014;Montaje de sanitario adicional (lavabo, bidÕ, inodoro).  Eliminado literal plato de ducha;23,79;;
;FON_050_015;Montaje de sanitarios (baþera);246,48;;
;FON_050_016;Desmontaje de sanitarios (plato de ducha);28,75;;
;FON_050_017;Montaje de sanitarios (plato de ducha);34,50;;
;DIV_006_001;Visita sin realizaciµn de trabajos (incomparecencia asegurado / perjud, etc.);25,88;;
;PA;Partida Alzada;;;
;PRESU;Trabajos segºn presupuesto;;;
;FON_038_010;Montaje de mueble de baþo incluyendo encimera;157,59;;
CarpinterÚa;;;;
;CAR_001_001;Precio mano de obra carpintero para trabajos no baremados;31,29;;
;CAR_001_002;Precio mano de obra ayudante de carpintero para trabajos no baremados;21,92;;
;CAR_001_003;Instalaciµn de campana extractora;38,81;;
;CAR_001_004;Instalaciµn de  bombÚn/cilindro sin material  (servicio mÚnimo);40,54;;
;CAR_001_005;Instalaciµn de  bombÚn/cilindro sin material  (Ud. Adicional);21,51;;
;CAR_031_001;Sustituciµn de encimera de cocina de madera o similar incluidos encastres y copete Hasta 1.80;230,00;;
;CAR_031_002;Sustituciµn de encimera de cocina de madera o similar incluidos encastres  y copete Metro lineal adicional;74,75;;
;CAR_031_003;Desmontaje de encimera cocina de madera o similar;17,89;;
;CAR_031_004;Montaje de encimera cocina de madera o similar;26,85;;
;CAR_036_001;Material de carpinterÚa no baremado;;;
;CAR_038_001;Mueble de baþo de 60 cm ancho incluyendo encimera;;;
;CAR_038_002;Mueble de baþo de 70 cm ancho incluyendo encimera;;;
;CAR_038_003;Mueble de baþo de 80 cm ancho incluyendo encimera;;;
;CAR_038_004;Mueble de baþo de 90 cm ancho incluyendo encimera;;;
;CAR_038_005;Mueble de baþo de 100 cm ancho incluyendo encimera;;;
;CAR_038_006;Mueble de baþo de 110 cm ancho incluyendo encimera;;;
;CAR_038_007;Mueble de baþo de 120 cm ancho incluyendo encimera;;;
;CAR_038_008;Mueble de baþo de mÃs de 120 cm ancho incluyendo encimera;;;
;CAR_038_009;Desmontaje de mueble de baþo incluyendo encimera y desmontaje de lavabo;38,40;;
;CAR_038_010;Montaje de mueble de baþo incluyendo encimera;157,59;;
;CAR_039_001;Casco mueble alto de cocina sin puertas calidad media (altura 70 cm) hasta 45 cm ancho;82,90;;
;CAR_039_002;Casco mueble alto de cocina sin puertas calidad media (altura 90 cm) hasta 45 cm ancho;89,51;;
;CAR_039_003;Casco mueble alto de cocina sin puertas calidad media (altura 70 cm) entre 50 y 70 cm ancho;86,87;;
;CAR_039_004;Casco mueble alto de cocina sin puertas calidad media (altura 90 cm) entre 50 y 70 cm ancho;93,48;;
;CAR_039_005;Casco mueble alto de cocina sin puertas calidad media (altura 70 cm) entre 80 y 100 cm ancho;102,74;;
;CAR_039_006;Casco mueble alto de cocina sin puertas calidad media (altura 90 cm) entre 80 y 100 cm ancho;109,35;;
;CAR_039_007;Casco mueble bajo de cocina sin puertas calidad media hasta 45 cm ancho.;93,48;;
;CAR_039_008;Casco mueble bajo de cocina sin puertas calidad media entre 50 y 70 cm ancho;100,09;;
;CAR_039_009;Casco mueble bajo de cocina sin puertas calidad media entre 80 y 100 cm de ancho.;113,32;;
;CAR_039_010;Casco mueble de cocina sin puertas rinconero alto calidad media (altura 70 cm) chaflÃn;137,12;;
;CAR_039_011;Casco mueble de cocina sin puertas rinconero alto calidad media (altura 90 cm) chaflÃn.;146,38;;
;CAR_039_012;Casco mueble de cocina sin puertas rinconero alto calidad media (altura 70 cm) escuadra;138,45;;
;CAR_039_013;Casco mueble de cocina sin puertas rinconero alto calidad media (altura 90 cm) escuadra;147,70;;
;CAR_039_014;Casco mueble de cocina rinconero alto calidad media (altura 70 cm) terminal alto;84,22;;
;CAR_039_015;Casco mueble de cocina rinconero alto calidad media (altura 90 cm) terminal alto.;94,80;;
;CAR_039_016;Casco mueble de cocina sin puertas rinconero bajo calidad media escuadra (cualquier medida estandard);184,90;;
;CAR_039_017;Casco mueble de cocina rinconero terminal bajo calidad media (ancho 30 cm);104,80;;
;CAR_039_018;Casco mueble de cocina sin puertas escurreplatos calidad media (altura 70 cm) hasta 70 cm ancho;91,58;;
;CAR_039_019;Casco mueble de cocina sin puertas escurreplatos calidad media (altura 70 cm) entre 80 y 90 cm ancho;96,87;;
;CAR_039_020;Casco mueble de cocina sin puertas escurreplatos calidad media (altura 90 cm) hasta 70 cm ancho;103,48;;
;CAR_039_021;Casco mueble de cocina sin puertas escurreplatos calidad media (altura 90 cm) entre 80 y 90 cm ancho;101,42;;
;CAR_039_022;Casco mueble de cocina sin puertas fregadero/horno calidad media hasta 60 cm ancho;89,51;;
;CAR_039_023;Casco mueble de cocina sin puertas fregadero/horno calidad media entre 70 y 90 cm ancho;94,80;;
;CAR_039_024;Casco mueble de cocina sin puertas fregadero/horno calidad media desde 100 cm ancho;100,09;;
;CAR_039_025;Casco mueble cocina sin puertas sobre-campanas calidad media hasta 60 cm de ancho.;81,58;;
;CAR_039_026;Sustituciµn de copete de cualquier material hasta 1.80 metro lineal;74,75;;
;CAR_039_027;Sustituciµn de copete de cualquier material de 1.80 a 3.60 metro lineal;86,25;;
;CAR_039_028;Sustituciµn de cornisa/zµcalo de cualquier material hasta 1.80 metro lineal;80,50;;
;CAR_039_029;Sustituciµn de cornisa/zµcalo de cualquier material hasta 3,60 metro lineal;126,50;;
;CAR_039_030;Montaje primer mueble de cocina (Incluido montar puerta);35,65;;
;CAR_039_031;Montaje mueble de cocina adicional (Incluido montar puerta);23,85;;
;CAR_039_032;Desmontaje primer mueble cocina;26,45;;
;CAR_039_033;Desmontaje mueble cocina adicional;23,85;;
;CAR_039_034;Sustituciµn de puerta en formica o similar para casco de cocina;110,50;;
;CAR_039_035;Sustituciµn de costado hasta 0,90 m  acabado en formica o similar;126,20;;
;CAR_039_036;Sustituciµn de costado hasta 0,90 m   acabado en madera natural o similar;138,00;;
;CAR_039_037;Sustituciµn de frente de cajµn hasta 15 cm Primera Unidad;63,25;;
;CAR_039_038;Sustituciµn de frente de cajµn hasta 15 cm Unidades adicionales;51,75;;
;CAR_039_039;Cascos de mueble columna horno/micro, 60 cm de fondo y hasta 150cm/h;305,43;;
;CAR_039_040;Casco de sobre columna de 60cm de fondo hasta 70cm/h;286,41;;
;CAR_039_041;Casco de columna escobero de 140 cm/h hasta 45cm de ancho;242,06;;
;CAR_039_042;Casco de columna escobero de 140 cm/h hasta 60cm de ancho;269,19;;
;CAR_039_043;Costados de formica de 60cm de fondo hasta 220cm/h;287,00;;
;CAR_039_044;Costados de rechapado de madera de 60cm de fondo hasta 220cm/h;248,40;;
;CAR_048_001;Cepillado y lijado de puerta incluido el barnizado en el canto (primera puerta);69,00;;
;CAR_048_002;Cepillado y lijado de puerta incluido el barnizado en el canto (puerta adicional);28,06;;
;CAR_048_003;Lijado, emplastecido y barnizado de puerta. Sµlo para reparaciones de puertas que no sean nuevas;58,65;;
;CAR_048_004;Suministro y colocaciµn de puerta de paso para posterior pintado o barnizado, sin incluir batidero o batientes ni jambas;156,40;;
;CAR_048_005;Suministro y colocaciµn de puerta de paso modelo provenzal  o similar en pino o roble o Sapely;253,00;;
;CAR_048_006;Suministro y colocaciµn de puerta de paso modelo provenzal  o similar en nogal, cerezo, haya vaporizada o similar;261,05;;
;CAR_048_007;Suministro y colocaciµn de puerta de paso completa para posterior pintado y barnizado;339,25;;
;CAR_048_008;Suministro y colocaciµn de puerta de paso completa en sapely o similar en roble o pino;465,00;;
;CAR_048_009;Suministro y colocaciµn de puerta de paso completa en nogal, cerezo, haya vaporizada o similar;475,00;;
;CAR_048_010;Suplemento por puerta de paso moldeada o pantografiada;46,00;;
;CAR_048_011;Suministro y colocaciµn de puerta de acceso no blindada (hoja) Excluidas puertas de madera maciza;837,00;;
;CAR_048_012;Suministro y colocaciµn de puerta de acceso blindada completa acabada en sapely, roble, pino o similar. Tipo provenzal o similar;1162,50;;
;CAR_048_013;Suministro y colocaciµn de puerta de acceso blindada completa acabada en  nogal, cerezo, haya vaporizada, tipo provenzal o similar;1377,50;;
;CAR_048_014;Sustituciµn de jambas o molduras por una cara primera puerta;89,00;;
;CAR_048_015;Sustituciµn de jambas o molduras por las dos caras primera puerta;166,75;;
;CAR_048_016;Sustitucion de jambas o molduras por cara puertas adicionales;69,45;;
;CAR_048_017;Sustituciµn de galces o batientes/marcos primera puerta;169,05;;
;CAR_048_018;Sustituciµn de galces o batientes/marcos puerta adicional;150,65;;
;CAR_048_019;Colgar, fijar pernios, instalar cerradura y manillones. Incluido el montaje y desmontaje de la primera puerta;57,50;;
;CAR_048_020;Colgar, fijar pernios, instalar cerradura y manillones en puertas adicionales. Incluido el montaje y desmontaje de puerta adicional;28,75;;
;CAR_048_021;Lacado puerta paso;103,50;;
;CAR_048_022;Puerta de trastero normal galvanizada o pintada;388,50;;
;CAR_048_023;Puerta de trastero cortafuegos RF60 RF90;460,95;;
;CAR_039_035;Sustituciµn de puerta en formica o similar para casco de cocina de h>100;146,20;;
;PA;Partida Alzada;;;
Electricidad;;;;
;ELE_001_001;Mano de obra para d/m de interruptor simple, conmutado o cruzado;34,42;;
;ELE_001_002;Mano de obra para d/m de interruptor simple, conmutado o cruzado;8,60;;
;ELE_001_003;Mano de obra de electricista para trabajos no baremados;31,29;;
;ELE_001_004;Precio mano de obra ayudante de electricista para trabajos no baremados;21,92;;
;ELE_024_001;Reparaciµn de cortocircuito siempre que no se sustituyan diferenciales y/o magnetotÕrmicos;62,58;;
;ELE_024_002;Reparaciµn de Portero AutomÃtico;;;
;ELE_025_001;Incremento por trabajos de electricidad en horario de urgencia;17,22;;
;ELE_030_001;Reposiciµn de diferencial (unidad) Hasta 2 x 40A sensibilidad 30 mA;71,31;;
;ELE_030_002;Reposiciµn de diferencial (unidad) Hasta 2 X 63A sensibilidad 30 mA;314,99;;
;ELE_030_003;Reposiciµn de diferencial (unidad) Hasta 4 X 40A sensibilidad 30 mA;245,11;;
;ELE_030_004;Reposiciµn de diferencial (unidad) Hasta 4 X 63A sensibilidad 30 mA;502,24;;
;ELE_030_005;Reposiciµn de diferencial (unidad) Hasta 4 X 40A sensibilidad 300 mA;210,82;;
;ELE_030_006;Reposiciµn de diferencial (unidad) Hasta 4 X 63A sensibilidad 300 mA;270,16;;
;ELE_033_001;Cambio de lÚneas generales Metro lineal Hasta 6 mm. Reparaciones hasta 10 metros;9,90;;
;ELE_033_002;Cambio de lÚneas generales Metro lineal Hasta 6 mm. Reparaciones hasta 30 metros;9,20;;
;ELE_033_003;Cambio de lÚneas generales Metro lineal Hasta 6 mm. Reparaciones a partir de 30 metros;8,46;;
;ELE_033_004;Cambio de lÚneas generales Metro lineal Hasta 10 mm. Reparaciones hasta 10 metros;12,42;;
;ELE_033_005;Cambio de lÚneas generales Metro lineal Hasta 10 mm. Reparaciones hasta 30 metros;11,18;;
;ELE_033_006;Cambio de lÚneas generales Metro lineal Hasta 10 mm. Reparaciones a partir de 30 metros;10,63;;
;ELE_033_007;Cambio de lÚneas generales Metro lineal Hasta 16 mm. Reparaciones hasta 10 metros;13,53;;
;ELE_033_008;Cambio de lÚneas generales Metro lineal Hasta 16 mm. Reparaciones hasta 30 metros;12,18;;
;ELE_033_009;Cambio de lÚneas generales Metro lineal Hasta 16 mm. Reparaciones a partir de 30 metros;11,58;;
;ELE_033_010;Cambio de lÚneas generales Metro lineal Hasta 25 mm. Reparaciones hasta 10 metros;14,73;;
;ELE_033_011;Cambio de lÚneas generales Metro lineal Hasta 25 mm. Reparaciones hasta 30 metros;13,26;;
;ELE_033_012;Cambio de lÚneas generales Metro lineal Hasta 25 mm. Reparaciones a partir de 30 metros;12,60;;
;ELE_034_001;Reposiciµn de magnetotÕrmico (unidad) 2 X 25A;43,40;;
;ELE_034_002;Reposiciµn de magnetotÕrmico (unidad) 2 X 40A;73,47;;
;ELE_034_003;Reposiciµn de magnetotÕrmico (unidad) 2 X 50A;136,29;;
;ELE_034_004;Reposiciµn de magnetotÕrmico (unidad) 4 X 25A;118,50;;
;ELE_034_005;Reposiciµn de magnetotÕrmico (unidad) 4 X 40A;141,19;;
;ELE_034_006;Reposiciµn de magnetotÕrmico (unidad) 4 x 50A;275,30;;
;ELE_036_001;Material de electricidad no baremado;;;
;DIV_006_001;Visita sin realizaciµn de trabajos (incomparecencia asegurado / perjud, etc.);25,88;;
;PA;Partida Alzada;;;
;ELE_030_007;Reposiciµn de proteccion sobretensiones permanentes y transitorias 2F+T Hasta 40A;245,25;;
;ELE_015_001;Suministro y colocacion de mecanismo electrico gama media/basica. Interruptor simple / enchufe con marco y tecla;19,84;;
;ELE_015_002;Suministro y colocacion de mecanismo electrico gama media/basica. Conmutado / Toma TV/FM o de cruzamiento con marco y tecla;27,22;;
Pinturas;;;;
;PIN_001_001;Precio mano de obra pintor para trabajos no baremados;25,88;;
;PIN_001_002;Precio mano de obra ayudante de pintor para trabajos no baremados;18,30;;
;PIN_032_001;Pintado paramentos incluido raspado, lavado, emplastecido y esmalte sellador gotelÕ simple (hasta 10 m2 servicio mÚnimo);71,98;;
;PIN_032_002;Pintado paramentos incluido raspado, lavado, emplastecido y esmalte sellador gotelÕ simple (entre 1 y 10 m2 adicionales);5,46;;
;PIN_032_003;Pintado paramentos incluido raspado, lavado, emplastecido y esmalte sellador gotelÕ simple (entre 1 y 20 m2 adicionales);5,04;;
;PIN_032_004;Pintado paramentos incluido raspado, lavado, emplastecido y esmalte sellador gotelÕ simple (mÃs de 20 m2 adicionales);4,93;;
;PIN_032_005;Pintado paramentos incluido raspado, lavado, emplastecido y esmalte sellador gotelÕ acabado plÃstico (hasta 10 m2 servicio mÚnimo);107,90;;
;PIN_032_006;Pintado paramentos incluido raspado, lavado, emplastecido y esmalte sellador gotelÕ acabado plÃstico (entre 1 y 10 m2 adicionales);7,64;;
;PIN_032_007;Pintado paramentos incluido raspado, lavado, emplastecido y esmalte sellador gotelÕ acabado plÃstico (entre 1 y 20 m2 adicionales);7,05;;
;PIN_032_008;Pintado paramentos incluido raspado, lavado, emplastecido y esmalte sellador gotelÕ acabado plÃstico (mÃs de 20 m2 adicionales);6,90;;
;PIN_035_001;Suplemento por Ral o pintura mÃquina hasta 10 m2 (servicio mÚnimo);8,97;;
;PIN_035_002;Suplemento por Ral o pintura mÃquina m2 adicional;0,58;;
;PIN_036_001;Material de pintura no baremado;;;
;PIN_041_001;Pintado paramentos incluido raspado, lavado, emplastecido y esmalte sellador arpillera (hasta 10 m2 servicio mÚnimo);87,54;;
;PIN_041_002;Pintado paramentos incluido raspado, lavado, emplastecido y esmalte sellador arpillera (entre 1 y 10 m2 adicionales);6,79;;
;PIN_041_003;Pintado paramentos incluido raspado, lavado, emplastecido y esmalte sellador arpillera (entre 1 y 20 m2 adicionales);6,26;;
;PIN_041_004;Pintado paramentos incluido raspado, lavado, emplastecido y esmalte sellador arpillera (mÃs de 20 m2 adicionales);6,13;;
;PIN_041_005;Pintado paramentos incluido raspado, lavado, emplastecido y esmalte sellador esmalte (hasta 10 m2 servicio mÚnimo);85,24;;
;PIN_041_006;Pintado paramentos incluido raspado, lavado, emplastecido y esmalte sellador esmalte (entre 1 y 10 m2 adicionales);6,65;;
;PIN_041_007;Pintado paramentos incluido raspado, lavado, emplastecido y esmalte sellador esmalte (entre 1 y 20 m2 adicionales);6,13;;
;PIN_041_008;Pintado paramentos incluido raspado, lavado, emplastecido y esmalte sellador esmalte (mÃs de 20 m2 adicionales);6,00;;
;PIN_041_009;Pintado paramentos incluido raspado, lavado, emplastecido y esmalte sellador petrea (hasta 10 m2 servicio mÚnimo);85,24;;
;PIN_041_010;Pintado paramentos incluido raspado, lavado, emplastecido y esmalte sellador petrea (entre 1 y 10 m2 adicionales);6,46;;
;PIN_041_011;Pintado paramentos incluido raspado, lavado, emplastecido y esmalte sellador petrea entre 1 y 20 m2 adicionales;5,96;;
;PIN_041_012;Pintado paramentos incluido raspado, lavado, emplastecido y esmalte sellador petrea (mÃs de 20 m2 adicionales);5,83;;
;PIN_041_013;Pintado paramentos incluido raspado, lavado, emplastecido y esmalte sellador tixotrµpica (hasta 10 m2 servicio mÚnimo);85,24;;
;PIN_041_014;Pintado paramentos incluido raspado, lavado, emplastecido y esmalte sellador temple liso (hasta 10 m2 servicio mÚnimo);64,26;;
;PIN_041_015;Pintado paramentos incluido raspado, lavado, emplastecido y esmalte sellador temple liso (entre 1 y 10 m2 adicionales);4,04;;
;PIN_041_016;Pintado paramentos incluido raspado, lavado, emplastecido y esmalte sellador temple liso (entre 1 y 20 m2 adicionales);3,73;;
;PIN_041_017;Pintado paramentos incluido raspado, lavado, emplastecido y esmalte sellador temple liso (mÃs de 20 m2 adicionales);3,65;;
;PIN_041_018;Pintado paramentos incluido raspado, lavado, emplastecido y esmalte sellador temple picado (hasta 10 m2 servicio mÚnimo);68,00;;
;PIN_041_019;Pintado paramentos incluido raspado, lavado, emplastecido y esmalte sellador temple picado (entre 1 y 10 m2 adicionales);4,60;;
;PIN_041_020;Pintado paramentos incluido raspado, lavado, emplastecido y esmalte sellador temple picado (entre 1 y 20 m2 adicionales);4,24;;
;PIN_041_021;Pintado paramentos incluido raspado, lavado, emplastecido y esmalte sellador temple picado (mÃs de 20 m2 adicionales);4,15;;
;PIN_041_022;Pintado paramentos incluido raspado, lavado, emplastecido y esmalte sellador picado plÃstico (hasta 10 m2 servicio mÚnimo);85,24;;
;PIN_041_023;Pintado paramentos incluido raspado, lavado, emplastecido y esmalte sellador picado plÃstico (entre 1 y 10 m2 adicionales);6,46;;
;PIN_041_024;Pintado paramentos incluido raspado, lavado, emplastecido y esmalte sellador picado plÃstico (entre 1 y 20 m2 adicionales);5,96;;
;PIN_041_025;Pintado paramentos incluido raspado, lavado, emplastecido y esmalte sellador picado plÃstico (mÃs de 20 m2 adicionales);5,83;;
;PIN_041_026;Pintado paramentos incluido raspado, lavado, emplastecido y esmalte sellador pasta rayada (hasta 10 m2 servicio mÚnimo);85,24;;
;PIN_041_027;Pintado paramentos incluido raspado, lavado, emplastecido y esmalte sellador pasta rayada (entre 1 y 10 m2 adicionales);6,46;;
;PIN_041_028;Pintado paramentos incluido raspado, lavado, emplastecido y esmalte sellador pasta rayada (entre 1 y 20 m2 adicionales);5,96;;
;PIN_041_029;Pintado paramentos incluido raspado, lavado, emplastecido y esmalte sellador pasta rayada (mÃs de 20 m2 adicionales);5,83;;
;PIN_042_001;Material de papel pintado (rollo);;;
;PIN_042_002;Colocaciµn de papel pintado hasta 10 m2 (servicio mÚnimo);75,33;;
;PIN_042_003;Colocaciµn de papel pintado (m2 adicional);5,29;;
;PIN_042_004;Retirada papel pintado, con posterior lavado y emplastecido, hasta 5 m2 (servicio mÚnimo );40,25;;
;PIN_042_005;Retirada papel pintado, con posterior lavado y emplastecido (m2 adicional);6,47;;
;PIN_045_001;Pintado paramentos incluido raspado, lavado, emplastecido y esmalte sellador estuco m2;46,00;;
;PIN_045_002;Pintado paramentos incluido raspado, lavado, emplastecido y esmalte sellador tierras florentinas m2;28,75;;
;PIN_045_003;Pintado paramentos incluido raspado, lavado, emplastecido y esmalte sellador ceras;;;
;PIN_047_001;Pintado paramentos incluido raspado, lavado, emplastecido y esmalte sellador plÃstico (hasta 10 m2 servicio mÚnimo);89,98;;
;PIN_047_002;Pintado paramentos incluido raspado, lavado, emplastecido y esmalte sellador plÃstico (entre 1 y 10 m2 adicionales);7,50;;
;PIN_047_003;Pintado paramentos incluido raspado, lavado, emplastecido y esmalte sellador plÃstico (entre 1 y 20 m2 adicionales);7,00;;
;PIN_047_004;Pintado paramentos incluido raspado, lavado, emplastecido y esmalte sellador plÃstico (mÃs de 20 m2 adicionales);6,50;;
;DIV_006_001;Visita sin realizaciµn de trabajos (incomparecencia asegurado / perjud, etc.);25,88;;
;PA;Partida Alzada;;;
;PIN_031_001;Desconaminacion de paramentos y aplicacion de fijadora;3,85;;
Asistencias;;;;
;75.01;Colocaciµn de cordµn de impermeabilizaciµn de la banda de baþera, ducha o fregadero;57,29;;
;75.01;Borada completa 3 paredes interior plato/baþera con una sup. <3m2;86,29;;
;75.02;Reparaciµn del mecanismo de la cisterna completo (Alimentacion+Descarga) del inodoro o sustituciµn del mecanismo si es necesario;103,49;;
;75.03;Reparaciµn por cierre defectuoso de grifos y llaves de paso, o sustituciµn completa si es necesario de superficie;57,29;;
;75.04;Reparaciµn por cierre defectuoso de grifos y llaves de paso, o sustituciµn completa si es necesario empotrada;152,02;;
;75.05;Ajuste del anclaje de elementos sanitarios o borada: inodoro, tapa de inodoro, lavabo o bidÕ;54,29;;
;75.06;Reparaciµn de ajuste o sustituciµn de la vÃlvula del desag■e o del rebosadero;71,09;;
;75.07;Reparaciµn o sustituciµn de los latiguillos de las tomas de agua y desag■es de los electrodomÕsticos. Excluidos los que tengan la conexiµn en el interior del aparato.;57,29;;
;75.08;Reparaciµn de fugas de radiadores aluminio cambiando juego de accesorios , llave  o tapµn. Se excluyen los radiadores de hierro fundido;133,39;;
;75.09;Desatascos de tuberÚas medios manuales con o sin maquina. Se excluye la intervenciµn del camiµn cuba.;91,05;;
;75.1;Desatascos de tuberÚas con camiµn cuba (servicio minio 1 hora);195,00;;
;75.11;Reparaciµn de persianas, incluido cambio de cuerda y 1 lama;61,05;;
;75.12;Reparaciµn de cierres o ajustes de Carpinteria metÃlica, incluido cambio de cierre;73,05;;
;75.13;Cambio de baldosas paþo completo pared hasta 3m2;317,13;;
;75.14;Cambio de baldosas paþo completo pared hasta 5m2;503,55;;
;75.15;Cambio de baldosas paþo completo pared hasta 10m2;932,10;;
;75.16;Sustituciµn de baþera hasta 140x70 por plato de ducha, incluido cambio de alicatado 3 paredes y modificaciµn tomas griferÚa y desag■e sin mampara;887,59;;
;75.17;Sustituciµn de baþera hasta 140x70 por plato de ducha con mampara, incluido cambio de alicatado 3 paredes y modificaciµn tomas griferÚa y desag■e sin mampara;1312,54;;
;75.18;Sustituciµn de plato hasta 140x70 por plato de ducha, incluido cambio de alicatado perÚmetro y faldµn y desag■e sin mampara;622,24;;
;75.19;Reparaciµn de techo pladur/escayola mediante reparaciµn de grietas, alisado de superficies y pintura hasta 10m2;147,20;;
;75.2;Sustituciµn de inodoro;342,19;;
;75.21;Modificaciµn de enchufe/interruptor, abriendo regata y paso de nuevas lÚneas. Material incluido y pintado de pared <10m2;243,95;;
;75.22;Suministro y colocaciµn de nuevo enchufe de superficie, mediante regleta y conexiµn a punto elÕctrico <2metros;129,73;;
Diversos;;;;
;DIV_001_001;Precio mano de obra para trabajos no baremados;25,88;;
;DIV_001_002;Precio mano de obra ayudante para trabajos no baremados;18,30;;
;DIV_001_003;Precio mano de obra Servicios TÕcnicos;25,88;;
;DIV_005_001;Siniestro sin cobertura;37,32;;
;DIV_006_001;Visita sin realizaciµn de trabajos (incomparecencia asegurado / perjud, etc.);25,88;;
;DIV_023_001;Mµdulo Coste Medio Garantizado (CMG);;;
;DIV_023_002;Siniestro sin cobeertura para Coste Medio Garantizado (CMG);;;
;DIV_025_001;Siniestro sin cobertura con incremento de urgencia;55,98;;
;DIV_029_001;Coste de desplazamiento (/km.) a partir de 30 km.;0,39;;
;DIV_036_001;Otros materiales no baremados;;;
;DIV_036_002;Material de Servicios TÕcnicos no baremado;;;
;DIV_037_001;Montaje / desmontaje de andamios de dos cuerpos;41,40;;
;DIV_037_002;Alquiler de andamios hasta dos cuerpos;103,50;;
;DIV_037_003;Alquiler de andamios tres cuerpos o mÃs;149,50;;
;DIV_037_004;Telesaco;51,75;;
;DIV_037_005;Contenedor 5 m3;143,75;;
;DIV_037_006;Alquiler Medios Auxiliares;;;
;DIV_037_007;Montaje / desmontaje de andamios de mÃs de dos cuerpos (especificar altura y nºmero de cuerpos);;;
;DIV_037_008;Utilizacion de andamios propios a partir de dos cuerpos;34,50;;
;PA;Partida Alzada;;;
;PRESU;Trabajos segºn presupuesto;;;
Parquet;;;;
;PAR_001_001;Precio mano de obra parquet para trabajos no baremados;25,88;;
;PAR_001_002;Precio mano de obra ayudante de parquet para trabajos no baremados;18,30;;
;PAR_023_001;Incremento por condiciones especiales pactadas;;;
;PAR_024_001;Lijado y barnizado  normal o poliuretano Hasta 15 m2 (servicio mÚnimo);287,50;;
;PAR_024_002;Lijado y barnizado m2 adicional (normal);16,45;;
;PAR_024_003;Lijado y barnizado m2 adicional (poliuretano);18,37;;
;PAR_024_004;Suministro y colocaciµn de pletina para puerta de paso de cualquier tipo de material;17,25;;
;PAR_024_005;Lijado y barnizado normal o poliuretando de pequeþa superficie (hasta 3 m2);138,00;;
;PAR_036_001;Material de parquet no baremado;;;
;PAR_049_001;RodapiÕ aglomerado incluyendo desmontaje y montaje (Tira de 2,40 servicio mÚnimo);44,80;;
;PAR_049_002;RodapiÕ aglomerado incluyendo desmontaje y montaje (metro adicional);8,82;;
;PAR_049_003;RodapiÕ macizo 7 cm. incluyendo desmontaje y montaje (Tira de 2,40  Este epÚgrafe no puede coexistir con el epÚgrafe PAR_049_009, ni PAR_049_010;48,25;;
;PAR_049_004;RodapiÕ macizo 7 cm. incluyendo montaje y desmontaje (metro adicional);11,35;;
;PAR_049_005;RodapiÕ macizo 10 cm. incluyendo desmontaje y montaje (Tira de 2,40 servicio mÚnimo);51,70;;
;PAR_049_006;RodapiÕ macizo 10 cm. incluyendo desmontaje y montaje (metro adicional);16,36;;
;PAR_049_007;Barnizado rodapiÕ (metro lineal);4,40;;
;PAR_049_008;Barnizado rodapiÕ poliuretano (metro lineal);6,34;;
;PAR_049_009;Desmontaje/Montaje de rodapie preexistente precio metro adicional;5,95;;
;PAR_049_010;Desmontaje/Montaje de rodapie preexistente. (servicio minimo hasta 3 m);31,44;;
;PAR_051_001;ROBLE damas o tablilla (para sustituciones entre 0 y 10 metros cuadrados)  precio m2;53,13;;
;PAR_051_002;ROBLE damas o tablilla (para sustituciones entre 0 y 20 metros cuadrados)  precio m2;50,03;;
;PAR_051_003;ROBLE damas o tablilla (para sustituciones de mÃs de 20 cuadrados) precio m2;49,00;;
;PAR_051_004;ROBLE BALDOSA  (para sustituciones entre 0 y 10 metros cuadrados) precio m2;55,19;;
;PAR_051_005;ROBLE BALDOSA (para sustituciones entre 0 y 20 metros cuadrados) precio m2;51,97;;
;PAR_051_006;ROBLE BALDOSA (para sustituciones de mÃs de 20 metros cuadrados) precio m2;50,90;;
;PAR_051_007;EUCALIPTO damas o tablilla (para sustituciones entre 0 y 10 metros cuadrados) precio m2;53,13;;
;PAR_051_008;EUCALIPTO damas o tablilla (para sustituciones entre 0 y 20 metros cuadrados) precio m2;50,03;;
;PAR_051_009;EUCALIPTO damas o tablilla (para sustituciones de mÃs de 20 metros cuadrados) precio m2;49,00;;
;PAR_051_010;ELONDO O JATOBA damas o tablilla (para sustituciones entre 0 y 10 metros cuadrados) precio m2;64,70;;
;PAR_051_011;ELONDO O JATOBA damas o tablilla (para sustituciones entre 0 y 20 metros cuadrados) precio m2;60,93;;
;PAR_051_012;ELONDO O JATOBA damas o tablilla (para sustituciones de mÃs de 20 metros cuadrado) precio m2;59,67;;
;PAR_051_013;PINO OREGÆN (para sustituciones entre 0 y 10 metros) precio m2;110,00;;
;PAR_051_014;PINO OREGÆN (para sustituciones entre 0 y 20 metros) precio m2;103,58;;
;PAR_051_015;PINO OREGÆN (para sustituciones de mÃs de 20 metros) precio m2;101,45;;
;PAR_053_001;PINO VIEJO tarima (para sustituciones entre 0 y 10 metros) precio m2;142,35;;
;PAR_053_002;PINO VIEJO tarima (para sustituciones entre 0 y 20 metros) precio m2;134,04;;
;PAR_053_003;PINO VIEJO tarima (para sustituciones de mÃs de 20 metros) precio m2;131,28;;
;PAR_053_004;ELONDO O JATOBA tarima (para sustituciones entre 0 y 10 metros cuadrados) precio m2;101,03;;
;PAR_053_005;ELONDO O JATOBA tarima (para sustituciones entre 0 y 20 metros cuadrados) precio m2;95,14;;
;PAR_053_006;ELONDO O JATOBA tarima (para sustituciones de mÃs de 20 metros cuadrados) precio m2;93,18;;
;PAR_053_007;ROBLE tarima (para sustituciones entre 0 y 10 metros cuadrados) precio m2;107,43;;
;PAR_053_008;ROBLE tarima (para sustituciones entre 0 y 20 metros cuadrados) precio m2;101,18;;
;PAR_053_009;ROBLE tarima (para sustituciones de mÃs de 20 metros cuadrados) precio m2;99,10;;
;PAR_053_010;TARIMA FLOTANTE MêXIMA CALIDAD SINTèTICA O NATURAL;88,03;;
;PAR_053_011;TARIMA FLOTANTE MêXIMA CALIDAD SINTèTICA O NATURAL;82,90;;
;PAR_053_012;TARIMA FLOTANTE MêXIMA CALIDAD SINTèTICA O NATURAL (Tarimas por encima de 45 Euros/m2) para sustituciones de mÃs de 20 metros cuadrados (precio m2);81,19;;
;PAR_053_013;TARIMA FLOTANTE SINTèTICA O NATURAL (Gama Baja-Media Hasta 25  m2) Para sustituciones entre 0 -10 m2 precio m2;57,95;;
;PAR_053_014;TARIMA FLOTANTE SINTèTICA O NATURAL (Gama Baja-Media Hasta 25  m2) Para sustituciones entre 0 -20 m2 precio m2;56,21;;
;PAR_053_015;TARIMA FLOTANTE SINTèTICA O NATURAL (Gama Baja-Media Hasta 25  m2) Para sustituciones de mÃs de 20 m2  precio m2;55,05;;
;PAR_053_016;TARIMA FLOTANTE SINTèTICA O NATURAL (Gama Media entre 25 y 35  m2) Para sustituciones entre 0 -10 m2 precio m2;65,46;;
;PAR_053_017;TARIMA FLOTANTE SINTèTICA O NATURAL (Gama Media entre 25 y 35  m2) Para sustituciones entre 0 -20 m2 precio m2;63,16;;
;PAR_053_018;TARIMA FLOTANTE SINTèTICA O NATURAL (Gama Media entre 25 y 35  m2) Para sustituciones de mÃs de 20 m2 precio m2;62,18;;
;PAR_053_019;TARIMA FLOTANTE SINTèTICA O NATURAL (Gama Alta entre 35 y 45 Ê m2) Para sustituciones entre 0 -10 m2 precio m2;72,57;;
;PAR_053_020;TARIMA FLOTANTE SINTèTICA O NATURAL (Gama Alta entre 35 y 45 Ê m2) Para sustituciones entre 0 -20 m2 precio m2;70,39;;
;PAR_053_021;TARIMA FLOTANTE SINTèTICA O NATURAL (Gama Alta entre 35 y 45 Ê m2) Para sustituciones de mÃs de 20 m2 precio m2;68,94;;
;PAR_053_021;M2 Desmontaje y montaje de tarima flotante sintetica o natural sin sustituciµn de material;18,40;;
;PAR_020_001;Retirada de tarima flotante sint./nat. y carga manual sobre contenedor;9,47;;
;PAR_054_001;Suelo vinilico 6mm sintetica M2;64,70;;
CarpinterÚa metÃlica;;;;
;MET_001_001;Precio mano de obra cerrajero/carpintero metÃlico para trabajos no baremados;34,28;;
;MET_001_002;Precio mano de obra ayudante de cerrajero/carpintero metÃlico para trabajos no baremados;24,01;;
;MET_024_001;Incremento mano obra cerrajero por servicio en horario de urgencia;34,50;;
;MET_024_002;Montaje de falso techo de aluminio, incluso perfilerÚa;57,50;;
;MET_025_001;Incremento mano obra cerrajero por servicio en horario de urgencia;17,15;;
;MET_036_001;Material de cerrajerÚa/carpinterÚa metÃlica no baremado;;;
;PA;Partida Alzada;;;
Marmoles;;;;
;MAR_036_001;Material de marmoles no baremado;;;
;MAR_001_003;Suministro y colocacion de zocalillo de granito hasta 3.6 ml;187,25;;
;MAR_001_004;Realizacion de agujeros para encaste de vitro o fregadera;42,58;;
;MAR_001_001;Desmontaje de encimera de marmol/granito hasta 3.6ml;186,78;;
;MAR_001_002;Montaje de encimera de marmol/granito hasta 3.6ml;345,00;;
Limpieza;;;;
;LIM_001_001;Precio mano de obra limpiezas para trabajos no baremados;20,35;;
;LIM_036_001;Material de limpieza no baremado;;;
Electrodomesticos;;;;
;ELECT_001_001;Mano de obra Tecnico electrodomesticos;37,50;;
;ELECT_036_001;Material electrodomesticos;;;
Toldos;;;;
;TOL_036_001;Material de toldista no baremado;;;
Activos inmobiliarios;;;;
;1.01;LEVANTADO MOBILIARIO VIVIENDA;480,00;;
;1.02;LEVANTADO MOBILIARIO COCINA;280,00;;
;1.03;LEVANTADO BAîERA/DUCHA;50,00;;
;1.04;LEVANTADO MUEBLE LAVABO BAîO;30,00;;
;1.05;LEVANTADO APARATOS SANITARIOS;30,00;;
;1.06;LEVANTADO MAMPARA BAîERA/DUCHA;35,00;;
;1.07;LEVANTADO CARPINTERëA EN TABIQUES;40,00;;
;1.08;LEVANTADO ARMARIO EMPOTRADO;20,00;;
;1.09;LEVANTADO RODAPIE;2,50;;
;1.10;LEVANTADO FALSO TECHO MADERA;12,00;;
;1.11;LEVANTADO REVESTIMIENTO PAPEL;3,50;;
;1.12;LEVANTADO PAVIMENTO MADERA;9,20;;
;1.13;LEVANTADO MOQUETA;9,20;;
;1.14;LEVANTADO CARPINTERëA EXTERIOR EN MUROS A MANO;12,00;;
;1.15;LEVANTADO RADIADORES A MANO SIN RECUPERACIÆN;20,00;;
;1.16;LEVANTADO INSTALACIÆN ELèCTRICA VIVIENDA + LUZ DE OBRA;265,00;;
;1.17;LEVANTADO INSTALACIÆN FONTANERëA/DESAGÉES;285,00;;
;1.18;DESMONTAJE APARATOS A/A EXISTENTES;60,00;;
;1.19;DEMOLICIÆN ALICATADOS A MANO;13,50;;
;1.20;DEMOLICIÆN FALSO TECHO;13,50;;
;1.21;DEMOLICIÆN FêBRICA LADRILLO HUECO INTERIORES;18,50;;
;1.22;DEMOLICIÆN MURO LADRILLO MACIZO 1/2 PIE A MANO;20,00;;
;1.23;DEMOLICIÆN SOLADO BALDOSAS A MANO;11,50;;
;1.24;DEMOLICIÆN SOLERAS;11,50;;
;1.25;ALISADO DE PAREDES GOTELE;16,20;;
;1.26;GESTIÆN DE RESIDUOS;620,00;;
;1.27;PROTECCION RELLANO COMUNITARIO Y LIMPIEZA;240,00;;
;2.01;APERTURA DE REGATAS Y POSTERIOR TAPADO;12,50;;
;2.02;TABICÆN LADRILLO HUECO DOBLE 7cm.;28,50;;
;2.03;ARMAZÆN PUERTA CORREDERA EMPOTRADA;275,00;;
;2.04;REFUERZO MUEBLES SUSPENDIDOS;90,00;;
;2.05;PREMARCO METêLICO PUERTA ACORAZADA ENTRADA;95,00;;
;2.06;PRECERCO PINO 70x35 mm. PUERTA 1 HOJA;62,00;;
;2.07;MONTAJE DE PUERTA ENTRADA;320,00;;
;2.08;GUARNECIDO MAESTREADO Y ENLUCIDO DE YESO;23,50;;
;2.09;ENFOSCADO MAESTREADO FRATASADO PARAM. VERTICALES;21,50;;
;2.10;REMATE HUECOS FACHADA;36,00;;
;2.11;SOLERA NIVELACIÆN < 10cm;15,20;;
;2.12;RECIBIDO PLATO DUCHA;70,00;;
;2.13;AYUDAS ALBAîILERëA ELECTRICIDAD;320,00;;
;2.14;AYUDAS ALBAîILERIA FONTANERëA;320,00;;
;2.15;AYUDAS ALBAîILERIA CALEFACCIÆN;320,00;;
;2.16;AYUDAS ALBAîILERIA CLIMATIZACIÆN;320,00;;
;2.17;AYUDAS ALBAîILERIA CARPINTERIA METALICA;320,00;;
;3.01;SUMINISTRO Y COLOCACION ALICATADO PARAMENTOS VERTICALES;36,00;;
;3.02;MATERIAL ALICATADO CERAMICO;;;
;3.05;SUMINISTRO Y COLOCACION DE SOLADO CERAMICO;34,00;;
;3.07;MATERIAL SOLADO CERAMICO;;;
;3.11;SUMINISTRO Y COLOCACION DE RODAPIè CERêMICO;10,50;;
;3.12;CUBREJUNTA CAMBIO PAVIMENTO;21,00;;
;4.01;FALSO TECHO CONTINUO PLADUR;36,00;;
;4.02;FALSO TECHO CONTINUO PLADUR HIDROFUGO;38,00;;
;4.03;TRASDOSADO AUTOPORTANTE PYL 15N+48/40 C/LANA DE ROCA;38,00;;
;4.04;TABIQUE AUTOPORTANTE PYL 15N+48+15N/40 C/LANA DE ROCA;48,50;;
;4.05;FAJA / TABICA PYL;36,00;;
;4.06;CANDILEJA PYL;38,00;;
;5.01;SUMINISTRO Y COLOCACION  DE TARIMA SINTETICA;36,00;;
;5.02;MATERIAL TARIMA SINTETICA;;;
;5.03;RODAPIE DM LACADO BLANCO HASTA 10CM;10,00;;
;5.04;RODAPIE PVC / WPS;12,50;;
;6.01;PUERTA ENTRADA BLINDADA BLANCA;1380,00;;
;6.02;PUERTA ENTRADA BLINDADA METALICA PLAFONADA;1510,00;;
;6.03;CAMBIO BOMBëN CERRADURA ENTRADA;180,00;;
;6.04;PANEL DE PUERTA DE ENTRADA LISO;320,00;;
;6.05;PUERTA ABATIBLE CIEGA HAYA ROBLE SAPELLY;360,00;;
;6.06;PUERTA ABATIBLE CIEGA LACADO BLANCO Y HERRAJES;380,00;;
;6.07;PUERTA ABATIBLE CRISTALERA 4V CON CRISTALES Y HERRAJES;495,00;;
;6.08;PUERTA CORREDERA CIEGA LACADO BLANCO CON GUIA;480,00;;
;6.09;ARMARIO MODULAR 2H ABATIBLES 80x232x60 cm;;;
;6.10;ARMARIO MODULAR 4H ABATIBLES 160x232x60 cm;;;
;6.11;ARMARIO MODULAR 6H ABATIBLES 240x232x60 cm;;;
;6.12;ARMARIO MODULAR 2H CORREDERAS 160x232x64 cm;;;
;6.13;ARMARIO MODULAR 2H CORREDERAS 200x232x64 cm;;;
;6.14;ARMARIO MODULAR 6H CORREDERAS 240x232x64 cm;;;
;7.01;V1 - VENTANA;;;
;7.02;V2 - VENTANA;;;
;7.03;V3 - VENTANA;;;
;7.04;V4 - VENTANA;;;
;7.05;V5 - VENTANA;;;
;7.06;V6- VENTANA;;;
;7.07;V7 - VENTANA;;;
;7.08;V8 - VENTANA;;;
;8.01;MODULO COCINA ALTO/BAJO SIN PUERTAS;160,00;;
;8.02;MODULO COCINA HORNO/FREGADERO;150,00;;
;8.03;MODULO COCINA RINCONERO ALTO/BAJO;210,00;;
;8.04;MODULO COCINA SOBRE CAMPANA/NEVERA;170,00;;
;8.05;MODULO COCINA COLUMNA HORNO/MICRO;305,00;;
;8.06;ZOCALO COCINA PVC HASTA 15CM (ML);69,00;;
;8.07;COPETE/CORNISA COCINA (ML);69,00;;
;8.08;PUERTA MODULO COCINA ESTANDAR LACADO BLANCO CON TIRADOR;110,00;;
;8.09;PUERTA MODULO COCINA CON UîERO LACADO BLANCO;120,00;;
;8.10;FRENTE CAJON 14/28CM;85,00;;
;8.11;JUEGO CAJONES MODULO COCINA CON GUIAS;55,00;;
;8.12;COSTADO MODULO COCINA BAJO/ALTO;138,00;;
;8.13;COSTADO MODULO COCINA NEVERA /COLUMNA;240,00;;
;8.14;SUMINISTRO Y COLOCACION DE ENCIMERA DE MADERA LAMINADA HASTA 3M;240,00;;
;8.15;MATERIAL ENCIMERA LAMINADA;;;
;8.16;REALIZACION DE AGUJEROS ENCASTE DE VITRO/HORNO;50,00;;
;8.17;SUMINISTRO Y COLOCACION DE COPETE ENCIMERA INCL. MAT;60,00;;
;8.18;SUMINISTRO Y COLOCACION DE CAMPANA EXTRACTORA;60,00;;
;8.19;MATERIAL CAMPANA EXTRACTORA;;;
;8.20;SUMINISTRO Y COLOCACION DE VITROCERAMICA/INDUCCION;60,00;;
;8.21;MATERIAL VITROCERAMICA/INDUCCION;;;
;8.22;SUMINISTRO Y COLOCACION DE HORNO;60,00;;
;8.23;MATERIAL HORNO;;;
;8.24;SUMINISTRO Y COLOCACION DE ELECTRODOMESTICO;60,00;;
;8.25;MATERIAL ELECTRODOMESTICO;;;
;9.01;TENDIDO REGULARIZACIÆN PARAMENTOS INTERIORES;12,50;;
;9.02;PINTURA PLêSTICA LISA MATE LAVABLE BLANCO INTERIORES;6,80;;
;9.03;PINTURA PLêSTICA LISA MATE LAVABLE BLANCO EXTERIORES;7,80;;
;9.04;LACADO SOBRE MADERA;;;
;9.05;PINTURA ESMALTE EXTERIOR BARANDILLA METêLICA;65,00;;
;9.06;SUMINISTRO Y COLOCACION DE PAPEL PINTADO;12,50;;
;9.07;MATERIAL PAPEL PINTADO;;;
;10.01;DERIVACIÆN INDIVIDUAL hasta 3x16mm2;62,00;;
;10.02;CUADRO GENERAL VIVIENDA 24 Elementos;160,00;;
;10.03;SOBRETENSIONES 40A;235,00;;
;10.04;DIFERENCIAL 2P 40A;90,00;;
;10.05;CIRCUITO ILUMINACIÆN 10A [C1];215,00;;
;10.06;CIRCUITO TOMAS CORRIENTE GENERAL 16A [C2];245,00;;
;10.07;CIRCUITO TOMAS CORRIENTE BAîOS / COCINA 16A [C3];245,00;;
;10.08;CIRCUITO TOMA PLACA COCINA / HORNO 25A [C4];290,00;;
;10.09;CIRCUITO TOMA LINEA AUXILIAR 16A [C5];245,00;;
;10.10;CIRCUITO LINEA ADICIONAL 16A [C6 - C10];270,00;;
;10.11;PUNTO DE LUZ SENCILLO;40,00;;
;10.12;PUNTO DE LUZ CONMUTADO;40,00;;
;10.13;PUNTO DE LUZ CRUZAMIENTO;45,00;;
;10.14;PUNTO DE LUZ PULSADOR MULTIPLE;45,00;;
;10.15;BASE ENCHUFE USOS VARIOS;45,00;;
;10.16;BASE ENCHUFE ESTANCA EXTERIORES;45,00;;
;10.17;PUNTO HORNO/VITRO;40,00;;
;10.18;TOMA TELEFÆNICA;40,00;;
;10.19;TOMA TV/FM;55,00;;
;10.20;TOMA DATOS;65,00;;
;10.21;SUMINISTRO Y COLOCACION DE TELEFONILLO;135,00;;
;10.22;PUNTO TERMOSTATO;40,00;;
;10.23;CANALIZACIÆN FIBRA;90,00;;
;10.24;FOCO LED EMPOTRABLE TECHO 4000K;35,00;;
;10.25;TIRA LED FLEXIBLE 4x14mm 12W 4000K;45,00;;
;10.26;APLIQUE LED SUPERFICIE EXTERIOR;40,00;;
;10.27;LEGALIZACIÆN ELECTRICA;320,00;;
;11.01;ACONDICIONAMIENTO ACOMETIDA CONTADOR AGUA;280,00;;
;11.02;RED GENERAL DE AGUA FRIA Y CALIENTE SUSPENDIDA;540,00;;
;11.03;INSTALACIÆN LLAVES CORTE;24,00;;
;11.04;INSTALACIÆN PUNTO AGUA FRëA-CALIENTE;140,00;;
;11.05;INSTALACIÆN PUNTO AGUA FRëA;110,00;;
;11.06;INSTALACION PUNTO INODORO;110,00;;
;11.07;RED GENERAL DE DESAGÉES;420,00;;
;11.08;DESAGÉE MêQUINAS A.A.;25,00;;
;11.09;INSTALACIÆN SANITRIT BAîO + COCINA;480,00;;
;11.10;SUMINISTRO Y COLOCACION DE TERMO ELECTRICO;140,00;;
;11.11;MATERIAL TERMO ELECTRICO;;;
;11.12;SUMINISTRO MUEBLE LAVABO CON ESPEJO;120,00;;
;11.13;MATERIAL MUEBLE LAVABO CON ESPEJO;;;
;11.14;MODIFICACION DE DESAGÉES;155,00;;
;11.15;SUMINISTRO Y COLOCACION DE  PLATO DUCHA RESINA HASTA 120x70cm;360,00;;
;11.16;MATERIAL PLATO DE DUCHA;;;
;11.17;SUMINISTRO Y COLOCACION GRIFERIA;40,00;;
;11.18;MATERIAL GRIFO;;;
;11.19;SUMINISTRO Y COLOCACION DE INODORO;48,00;;
;11.20;MATERIAL INODORO;;;
;11.21;SUMINISTRO Y COLOCACION DE GRIFO/COLUMNA DUCHA/BAîERA;52,00;;
;11.22;MATERIAL GRIFO DUCHA;;;
;11.23;SUMINISTRO Y COLOCACION DE MAMPARA;120,00;;
;11.24;MAMPARA DUCHA/BAîERA;;;
;11.25;SUMINISTRO Y COLOCACION DE FREGADERA;40,00;;
;11.26;MATERIAL FREGADERA;;;
;11.27;SUMINISTRO Y COLOCACION DE VALVULA Y SIFON;45,00;;
;12.01;DESMONTAJE DE CALDERA Y CONDENA DE SUMINISTRO DE GAS;85,00;;
;12.02;DESMONTAJE DE CALENTADOR Y CONDENA DE SUMINISTRO DE GAS;60,00;;
;12.03;SUMINISTRO Y COLOCACION DE CALDERA DE GAS;360,00;;
;12.04;MATERIAL CALDERA DE GAS;;;
;12.05;SUMINISTRO RADIADOR TOALLERO ELèCTRICO 800/500;285,00;;
;12.06;SUSTITUCIÆN RADIADOR EXISTENTE POR RADIADOR ALUMINIO;80,00;;
;12.07;SUMINISTRO RADIADOR ALUMINIO H=70 (POR ELEMENTOS);42,00;;
;12.08;EXTRACTOR BAîO;60,00;;
;12.09;TUBO EXTRACCIÆN FLEXIBLE CON SOMBRERETE;36,00;;
;13.01;SUMINISTRO Y COLOCACION DE SPLIT 1x1 CLIMATIZACIÆN;;;
;13.02;SUMINISTRO Y COLOCACION DE SPLIT 2x1 CLIMATIZACIÆN;;;
;13.03;SUMINISTRO Y COLOCACION DE SPLIT 3x1 CLIMATIZACIÆN;;;
;13.04;SUMINISTRO Y COLOCACION DE UNIDAD INTERIOR CLIMA POR CONDUCTOS;;;
;13.05;CONDUCTOS DE IMPULSIÆN- FIBRA;;;
;13.06;REJILLAS DE IMPULSION;65,00;;
;13.07;REJILLAS DE RETORNO;65,00;;
;13.08;SUMINISTRO Y COLOCACION DE REGISTRO 60x60 FALSO TECHO;85,00;;
;14.01;LIMPIEZA FIN DE OBRA;240,00;;
;15.01;SUMINISTRO Y COLOCACION DE ENCIMERA DE MARMOL/GRANITO;;;
;15.02;SUMINISTRO Y COLOCACION DE ENCIMERA DE SILESTONE O SIMILAR;;;
;15.03;SUMINISTRO Y COLOCACION DE ZOCALILLO DE MARMOL/GRANITO;;;
;15.04;SUMINISTRO Y COLOCACION DE APLACADO FRONTAL DE MARMOL/GRANITO;;;
;15.05;SUMINISTRO Y COLOCACION DE APLACADO FRONTAL DE SILESTONE;;;
;20.01;MANO DE OBRA OFICIAL;32,00;;
;20.02;MANO DE OBRA AYUDANTE;26,00;;
;20.03;MATERIAL NO RECOGIDO EN BAREMO;;;
;20.04;PARTIDA ALZADA;;;
;20.05;TRABAJOS SEGÖN PRESUPUESTO;;;
;20.06;CERTIFICACION;;;
Climatizaciµn;;;;
;CLI_001_001;Mano de Obra trabajos no baremados Climatizacion;35,20;;
;CLI_036_001;MAterial climatizacion no contemplado en baremo;;;
